{
    "$schema": "https://schema.management.azure.com/schemas/2015-01-01/deploymentParameters.json#",
    "contentVersion": "1.0.0.0",
    "parameters": {
        "vulnerabilityAssessments_Default_storageContainerPath": {
            "value": null
        },
        "servers_tkdhubapiwebapidbserver_name": {
            "value": null
        },
        "sites_TKDHubAPIWebAPI20250616145304_name": {
            "value": null
        },
        "serverfarms_TKDHubAPIWebAPI20250616145304Plan_name": {
            "value": null
        }
    }
}