{
    "$schema": "https://schema.management.azure.com/schemas/2019-04-01/deploymentTemplate.json#",
    "contentVersion": "1.0.0.0",
    "parameters": {
        "vulnerabilityAssessments_Default_storageContainerPath": {
            "type": "SecureString"
        },
        "servers_tkdhubapiwebapidbserver_name": {
            "defaultValue": "tkdhubapiwebapidbserver",
            "type": "String"
        },
        "sites_TKDHubAPIWebAPI20250616145304_name": {
            "defaultValue": "TKDHubAPIWebAPI20250616145304",
            "type": "String"
        },
        "serverfarms_TKDHubAPIWebAPI20250616145304Plan_name": {
            "defaultValue": "TKDHubAPIWebAPI20250616145304Plan",
            "type": "String"
        }
    },
    "variables": {},
    "resources": [
        {
            "type": "Microsoft.Sql/servers",
            "apiVersion": "2024-05-01-preview",
            "name": "[parameters('servers_tkdhubapiwebapidbserver_name')]",
            "location": "centralus",
            "kind": "v12.0",
            "identity": {
                "type": "SystemAssigned"
            },
            "properties": {
                "administratorLogin": "CloudSAcc13e783",
                "version": "12.0",
                "minimalTlsVersion": "1.2",
                "publicNetworkAccess": "Enabled",
                "administrators": {
                    "administratorType": "ActiveDirectory",
                    "principalType": "User",
                    "login": "nicolas.snider@outlook.com",
                    "sid": "742dd344-54af-47ea-a73f-02c8e55db294",
                    "tenantId": "c5e54a8a-82c5-4e14-b947-384643caf262",
                    "azureADOnlyAuthentication": true
                },
                "restrictOutboundNetworkAccess": "Disabled"
            }
        },
        {
            "type": "Microsoft.Web/serverfarms",
            "apiVersion": "2024-04-01",
            "name": "[parameters('serverfarms_TKDHubAPIWebAPI20250616145304Plan_name')]",
            "location": "Central US",
            "sku": {
                "name": "B1",
                "tier": "Basic",
                "size": "B1",
                "family": "B",
                "capacity": 1
            },
            "kind": "linux",
            "properties": {
                "perSiteScaling": false,
                "elasticScaleEnabled": false,
                "maximumElasticWorkerCount": 1,
                "isSpot": false,
                "freeOfferExpirationTime": "2025-07-16T18:14:02.5166667",
                "reserved": true,
                "isXenon": false,
                "hyperV": false,
                "targetWorkerCount": 0,
                "targetWorkerSizeId": 0,
                "zoneRedundant": false
            }
        },
        {
            "type": "Microsoft.Sql/servers/administrators",
            "apiVersion": "2024-05-01-preview",
            "name": "[concat(parameters('servers_tkdhubapiwebapidbserver_name'), '/ActiveDirectory')]",
            "dependsOn": [
                "[resourceId('Microsoft.Sql/servers', parameters('servers_tkdhubapiwebapidbserver_name'))]"
            ],
            "properties": {
                "administratorType": "ActiveDirectory",
                "login": "nicolas.snider@outlook.com",
                "sid": "742dd344-54af-47ea-a73f-02c8e55db294",
                "tenantId": "c5e54a8a-82c5-4e14-b947-384643caf262"
            }
        },
        {
            "type": "Microsoft.Sql/servers/advancedThreatProtectionSettings",
            "apiVersion": "2024-05-01-preview",
            "name": "[concat(parameters('servers_tkdhubapiwebapidbserver_name'), '/Default')]",
            "dependsOn": [
                "[resourceId('Microsoft.Sql/servers', parameters('servers_tkdhubapiwebapidbserver_name'))]"
            ],
            "properties": {
                "state": "Disabled"
            }
        },
        {
            "type": "Microsoft.Sql/servers/advisors",
            "apiVersion": "2014-04-01",
            "name": "[concat(parameters('servers_tkdhubapiwebapidbserver_name'), '/CreateIndex')]",
            "dependsOn": [
                "[resourceId('Microsoft.Sql/servers', parameters('servers_tkdhubapiwebapidbserver_name'))]"
            ],
            "properties": {
                "autoExecuteValue": "Disabled"
            }
        },
        {
            "type": "Microsoft.Sql/servers/advisors",
            "apiVersion": "2014-04-01",
            "name": "[concat(parameters('servers_tkdhubapiwebapidbserver_name'), '/DbParameterization')]",
            "dependsOn": [
                "[resourceId('Microsoft.Sql/servers', parameters('servers_tkdhubapiwebapidbserver_name'))]"
            ],
            "properties": {
                "autoExecuteValue": "Disabled"
            }
        },
        {
            "type": "Microsoft.Sql/servers/advisors",
            "apiVersion": "2014-04-01",
            "name": "[concat(parameters('servers_tkdhubapiwebapidbserver_name'), '/DefragmentIndex')]",
            "dependsOn": [
                "[resourceId('Microsoft.Sql/servers', parameters('servers_tkdhubapiwebapidbserver_name'))]"
            ],
            "properties": {
                "autoExecuteValue": "Disabled"
            }
        },
        {
            "type": "Microsoft.Sql/servers/advisors",
            "apiVersion": "2014-04-01",
            "name": "[concat(parameters('servers_tkdhubapiwebapidbserver_name'), '/DropIndex')]",
            "dependsOn": [
                "[resourceId('Microsoft.Sql/servers', parameters('servers_tkdhubapiwebapidbserver_name'))]"
            ],
            "properties": {
                "autoExecuteValue": "Disabled"
            }
        },
        {
            "type": "Microsoft.Sql/servers/advisors",
            "apiVersion": "2014-04-01",
            "name": "[concat(parameters('servers_tkdhubapiwebapidbserver_name'), '/ForceLastGoodPlan')]",
            "dependsOn": [
                "[resourceId('Microsoft.Sql/servers', parameters('servers_tkdhubapiwebapidbserver_name'))]"
            ],
            "properties": {
                "autoExecuteValue": "Enabled"
            }
        },
        {
            "type": "Microsoft.Sql/servers/auditingPolicies",
            "apiVersion": "2014-04-01",
            "name": "[concat(parameters('servers_tkdhubapiwebapidbserver_name'), '/Default')]",
            "location": "Central US",
            "dependsOn": [
                "[resourceId('Microsoft.Sql/servers', parameters('servers_tkdhubapiwebapidbserver_name'))]"
            ],
            "properties": {
                "auditingState": "Disabled"
            }
        },
        {
            "type": "Microsoft.Sql/servers/auditingSettings",
            "apiVersion": "2024-05-01-preview",
            "name": "[concat(parameters('servers_tkdhubapiwebapidbserver_name'), '/Default')]",
            "dependsOn": [
                "[resourceId('Microsoft.Sql/servers', parameters('servers_tkdhubapiwebapidbserver_name'))]"
            ],
            "properties": {
                "retentionDays": 0,
                "auditActionsAndGroups": [],
                "isStorageSecondaryKeyInUse": false,
                "isAzureMonitorTargetEnabled": false,
                "isManagedIdentityInUse": false,
                "state": "Disabled",
                "storageAccountSubscriptionId": "00000000-0000-0000-0000-000000000000"
            }
        },
        {
            "type": "Microsoft.Sql/servers/azureADOnlyAuthentications",
            "apiVersion": "2024-05-01-preview",
            "name": "[concat(parameters('servers_tkdhubapiwebapidbserver_name'), '/Default')]",
            "dependsOn": [
                "[resourceId('Microsoft.Sql/servers', parameters('servers_tkdhubapiwebapidbserver_name'))]"
            ],
            "properties": {
                "azureADOnlyAuthentication": true
            }
        },
        {
            "type": "Microsoft.Sql/servers/connectionPolicies",
            "apiVersion": "2024-05-01-preview",
            "name": "[concat(parameters('servers_tkdhubapiwebapidbserver_name'), '/default')]",
            "location": "centralus",
            "dependsOn": [
                "[resourceId('Microsoft.Sql/servers', parameters('servers_tkdhubapiwebapidbserver_name'))]"
            ],
            "properties": {
                "connectionType": "Default"
            }
        },
        {
            "type": "Microsoft.Sql/servers/databases",
            "apiVersion": "2024-05-01-preview",
            "name": "[concat(parameters('servers_tkdhubapiwebapidbserver_name'), '/TKDHubAPI.WebAPI_db')]",
            "location": "centralus",
            "dependsOn": [
                "[resourceId('Microsoft.Sql/servers', parameters('servers_tkdhubapiwebapidbserver_name'))]"
            ],
            "sku": {
                "name": "Standard",
                "tier": "Standard",
                "capacity": 10
            },
            "kind": "v12.0,user",
            "properties": {
                "collation": "SQL_Latin1_General_CP1_CI_AS",
                "maxSizeBytes": 1073741824,
                "catalogCollation": "SQL_Latin1_General_CP1_CI_AS",
                "zoneRedundant": false,
                "readScale": "Disabled",
                "requestedBackupStorageRedundancy": "Geo",
                "maintenanceConfigurationId": "/subscriptions/dce34280-1964-4f9e-a05d-ecbc237a1ff3/providers/Microsoft.Maintenance/publicMaintenanceConfigurations/SQL_Default",
                "isLedgerOn": false,
                "availabilityZone": "NoPreference"
            }
        },
        {
            "type": "Microsoft.Sql/servers/databases/advancedThreatProtectionSettings",
            "apiVersion": "2024-05-01-preview",
            "name": "[concat(parameters('servers_tkdhubapiwebapidbserver_name'), '/master/Default')]",
            "dependsOn": [
                "[resourceId('Microsoft.Sql/servers', parameters('servers_tkdhubapiwebapidbserver_name'))]"
            ],
            "properties": {
                "state": "Disabled"
            }
        },
        {
            "type": "Microsoft.Sql/servers/databases/auditingPolicies",
            "apiVersion": "2014-04-01",
            "name": "[concat(parameters('servers_tkdhubapiwebapidbserver_name'), '/master/Default')]",
            "location": "Central US",
            "dependsOn": [
                "[resourceId('Microsoft.Sql/servers', parameters('servers_tkdhubapiwebapidbserver_name'))]"
            ],
            "properties": {
                "auditingState": "Disabled"
            }
        },
        {
            "type": "Microsoft.Sql/servers/databases/auditingSettings",
            "apiVersion": "2024-05-01-preview",
            "name": "[concat(parameters('servers_tkdhubapiwebapidbserver_name'), '/master/Default')]",
            "dependsOn": [
                "[resourceId('Microsoft.Sql/servers', parameters('servers_tkdhubapiwebapidbserver_name'))]"
            ],
            "properties": {
                "retentionDays": 0,
                "isAzureMonitorTargetEnabled": false,
                "state": "Disabled",
                "storageAccountSubscriptionId": "00000000-0000-0000-0000-000000000000"
            }
        },
        {
            "type": "Microsoft.Sql/servers/databases/extendedAuditingSettings",
            "apiVersion": "2024-05-01-preview",
            "name": "[concat(parameters('servers_tkdhubapiwebapidbserver_name'), '/master/Default')]",
            "dependsOn": [
                "[resourceId('Microsoft.Sql/servers', parameters('servers_tkdhubapiwebapidbserver_name'))]"
            ],
            "properties": {
                "retentionDays": 0,
                "isAzureMonitorTargetEnabled": false,
                "state": "Disabled",
                "storageAccountSubscriptionId": "00000000-0000-0000-0000-000000000000"
            }
        },
        {
            "type": "Microsoft.Sql/servers/databases/geoBackupPolicies",
            "apiVersion": "2024-05-01-preview",
            "name": "[concat(parameters('servers_tkdhubapiwebapidbserver_name'), '/master/Default')]",
            "dependsOn": [
                "[resourceId('Microsoft.Sql/servers', parameters('servers_tkdhubapiwebapidbserver_name'))]"
            ],
            "properties": {
                "state": "Disabled"
            }
        },
        {
            "type": "Microsoft.Sql/servers/databases/ledgerDigestUploads",
            "apiVersion": "2024-05-01-preview",
            "name": "[concat(parameters('servers_tkdhubapiwebapidbserver_name'), '/master/Current')]",
            "dependsOn": [
                "[resourceId('Microsoft.Sql/servers', parameters('servers_tkdhubapiwebapidbserver_name'))]"
            ],
            "properties": {}
        },
        {
            "type": "Microsoft.Sql/servers/databases/securityAlertPolicies",
            "apiVersion": "2024-05-01-preview",
            "name": "[concat(parameters('servers_tkdhubapiwebapidbserver_name'), '/master/Default')]",
            "dependsOn": [
                "[resourceId('Microsoft.Sql/servers', parameters('servers_tkdhubapiwebapidbserver_name'))]"
            ],
            "properties": {
                "state": "Disabled",
                "disabledAlerts": [
                    ""
                ],
                "emailAddresses": [
                    ""
                ],
                "emailAccountAdmins": false,
                "retentionDays": 0
            }
        },
        {
            "type": "Microsoft.Sql/servers/databases/transparentDataEncryption",
            "apiVersion": "2024-05-01-preview",
            "name": "[concat(parameters('servers_tkdhubapiwebapidbserver_name'), '/master/Current')]",
            "dependsOn": [
                "[resourceId('Microsoft.Sql/servers', parameters('servers_tkdhubapiwebapidbserver_name'))]"
            ],
            "properties": {
                "state": "Disabled"
            }
        },
        {
            "type": "Microsoft.Sql/servers/databases/vulnerabilityAssessments",
            "apiVersion": "2024-05-01-preview",
            "name": "[concat(parameters('servers_tkdhubapiwebapidbserver_name'), '/master/Default')]",
            "dependsOn": [
                "[resourceId('Microsoft.Sql/servers', parameters('servers_tkdhubapiwebapidbserver_name'))]"
            ],
            "properties": {
                "recurringScans": {
                    "isEnabled": false,
                    "emailSubscriptionAdmins": true
                }
            }
        },
        {
            "type": "Microsoft.Sql/servers/devOpsAuditingSettings",
            "apiVersion": "2024-05-01-preview",
            "name": "[concat(parameters('servers_tkdhubapiwebapidbserver_name'), '/Default')]",
            "dependsOn": [
                "[resourceId('Microsoft.Sql/servers', parameters('servers_tkdhubapiwebapidbserver_name'))]"
            ],
            "properties": {
                "isAzureMonitorTargetEnabled": false,
                "isManagedIdentityInUse": false,
                "state": "Disabled",
                "storageAccountSubscriptionId": "00000000-0000-0000-0000-000000000000"
            }
        },
        {
            "type": "Microsoft.Sql/servers/encryptionProtector",
            "apiVersion": "2024-05-01-preview",
            "name": "[concat(parameters('servers_tkdhubapiwebapidbserver_name'), '/current')]",
            "dependsOn": [
                "[resourceId('Microsoft.Sql/servers', parameters('servers_tkdhubapiwebapidbserver_name'))]"
            ],
            "kind": "servicemanaged",
            "properties": {
                "serverKeyName": "ServiceManaged",
                "serverKeyType": "ServiceManaged",
                "autoRotationEnabled": false
            }
        },
        {
            "type": "Microsoft.Sql/servers/extendedAuditingSettings",
            "apiVersion": "2024-05-01-preview",
            "name": "[concat(parameters('servers_tkdhubapiwebapidbserver_name'), '/Default')]",
            "dependsOn": [
                "[resourceId('Microsoft.Sql/servers', parameters('servers_tkdhubapiwebapidbserver_name'))]"
            ],
            "properties": {
                "retentionDays": 0,
                "auditActionsAndGroups": [],
                "isStorageSecondaryKeyInUse": false,
                "isAzureMonitorTargetEnabled": false,
                "isManagedIdentityInUse": false,
                "state": "Disabled",
                "storageAccountSubscriptionId": "00000000-0000-0000-0000-000000000000"
            }
        },
        {
            "type": "Microsoft.Sql/servers/firewallRules",
            "apiVersion": "2024-05-01-preview",
            "name": "[concat(parameters('servers_tkdhubapiwebapidbserver_name'), '/AllowAllAzureIPs')]",
            "dependsOn": [
                "[resourceId('Microsoft.Sql/servers', parameters('servers_tkdhubapiwebapidbserver_name'))]"
            ],
            "properties": {
                "startIpAddress": "0.0.0.0",
                "endIpAddress": "0.0.0.0"
            }
        },
        {
            "type": "Microsoft.Sql/servers/firewallRules",
            "apiVersion": "2024-05-01-preview",
            "name": "[concat(parameters('servers_tkdhubapiwebapidbserver_name'), '/query-editor-51bf1f')]",
            "dependsOn": [
                "[resourceId('Microsoft.Sql/servers', parameters('servers_tkdhubapiwebapidbserver_name'))]"
            ],
            "properties": {
                "startIpAddress": "190.191.104.45",
                "endIpAddress": "190.191.104.45"
            }
        },
        {
            "type": "Microsoft.Sql/servers/keys",
            "apiVersion": "2024-05-01-preview",
            "name": "[concat(parameters('servers_tkdhubapiwebapidbserver_name'), '/ServiceManaged')]",
            "dependsOn": [
                "[resourceId('Microsoft.Sql/servers', parameters('servers_tkdhubapiwebapidbserver_name'))]"
            ],
            "kind": "servicemanaged",
            "properties": {
                "serverKeyType": "ServiceManaged"
            }
        },
        {
            "type": "Microsoft.Sql/servers/securityAlertPolicies",
            "apiVersion": "2024-05-01-preview",
            "name": "[concat(parameters('servers_tkdhubapiwebapidbserver_name'), '/Default')]",
            "dependsOn": [
                "[resourceId('Microsoft.Sql/servers', parameters('servers_tkdhubapiwebapidbserver_name'))]"
            ],
            "properties": {
                "state": "Disabled",
                "disabledAlerts": [
                    ""
                ],
                "emailAddresses": [
                    ""
                ],
                "emailAccountAdmins": false,
                "retentionDays": 0
            }
        },
        {
            "type": "Microsoft.Sql/servers/sqlVulnerabilityAssessments",
            "apiVersion": "2024-05-01-preview",
            "name": "[concat(parameters('servers_tkdhubapiwebapidbserver_name'), '/Default')]",
            "dependsOn": [
                "[resourceId('Microsoft.Sql/servers', parameters('servers_tkdhubapiwebapidbserver_name'))]"
            ],
            "properties": {
                "state": "Disabled"
            }
        },
        {
            "type": "Microsoft.Sql/servers/vulnerabilityAssessments",
            "apiVersion": "2024-05-01-preview",
            "name": "[concat(parameters('servers_tkdhubapiwebapidbserver_name'), '/Default')]",
            "dependsOn": [
                "[resourceId('Microsoft.Sql/servers', parameters('servers_tkdhubapiwebapidbserver_name'))]"
            ],
            "properties": {
                "recurringScans": {
                    "isEnabled": false,
                    "emailSubscriptionAdmins": true
                },
                "storageContainerPath": "[parameters('vulnerabilityAssessments_Default_storageContainerPath')]"
            }
        },
        {
            "type": "Microsoft.Web/sites",
            "apiVersion": "2024-04-01",
            "name": "[parameters('sites_TKDHubAPIWebAPI20250616145304_name')]",
            "location": "Central US",
            "dependsOn": [
                "[resourceId('Microsoft.Web/serverfarms', parameters('serverfarms_TKDHubAPIWebAPI20250616145304Plan_name'))]"
            ],
            "tags": {
                "hidden-related:/subscriptions/dce34280-1964-4f9e-a05d-ecbc237a1ff3/resourceGroups/tkd_hub_rs/providers/Microsoft.Web/serverFarms/TKDHubAPIWebAPI20250616145304Plan": "empty"
            },
            "kind": "app,linux",
            "identity": {
                "type": "SystemAssigned"
            },
            "properties": {
                "enabled": true,
                "hostNameSslStates": [
                    {
                        "name": "tkdhubapiwebapi20250616145304-ghcndrd8d0dyfjgt.centralus-01.azurewebsites.net",
                        "sslState": "Disabled",
                        "hostType": "Standard"
                    },
                    {
                        "name": "tkdhubapiwebapi20250616145304-ghcndrd8d0dyfjgt.scm.centralus-01.azurewebsites.net",
                        "sslState": "Disabled",
                        "hostType": "Repository"
                    }
                ],
                "serverFarmId": "[resourceId('Microsoft.Web/serverfarms', parameters('serverfarms_TKDHubAPIWebAPI20250616145304Plan_name'))]",
                "reserved": true,
                "isXenon": false,
                "hyperV": false,
                "dnsConfiguration": {},
                "vnetRouteAllEnabled": false,
                "vnetImagePullEnabled": false,
                "vnetContentShareEnabled": false,
                "siteConfig": {
                    "numberOfWorkers": 1,
                    "linuxFxVersion": "DOTNETCORE|8.0",
                    "acrUseManagedIdentityCreds": false,
                    "alwaysOn": false,
                    "http20Enabled": false,
                    "functionAppScaleLimit": 0,
                    "minimumElasticInstanceCount": 1
                },
                "scmSiteAlsoStopped": false,
                "clientAffinityEnabled": true,
                "clientCertEnabled": false,
                "clientCertMode": "Required",
                "hostNamesDisabled": false,
                "ipMode": "IPv4",
                "vnetBackupRestoreEnabled": false,
                "customDomainVerificationId": "778D3CBDBA5BE1CB3B919F8701AA6A86E6CF3BCF3D86A9C57890CB7B213E6047",
                "containerSize": 0,
                "dailyMemoryTimeQuota": 0,
                "httpsOnly": true,
                "endToEndEncryptionEnabled": false,
                "redundancyMode": "None",
                "storageAccountRequired": false,
                "keyVaultReferenceIdentity": "SystemAssigned",
                "autoGeneratedDomainNameLabelScope": "TenantReuse"
            }
        },
        {
            "type": "Microsoft.Web/sites/basicPublishingCredentialsPolicies",
            "apiVersion": "2024-04-01",
            "name": "[concat(parameters('sites_TKDHubAPIWebAPI20250616145304_name'), '/ftp')]",
            "location": "Central US",
            "dependsOn": [
                "[resourceId('Microsoft.Web/sites', parameters('sites_TKDHubAPIWebAPI20250616145304_name'))]"
            ],
            "tags": {
                "hidden-related:/subscriptions/dce34280-1964-4f9e-a05d-ecbc237a1ff3/resourceGroups/tkd_hub_rs/providers/Microsoft.Web/serverFarms/TKDHubAPIWebAPI20250616145304Plan": "empty"
            },
            "properties": {
                "allow": false
            }
        },
        {
            "type": "Microsoft.Web/sites/basicPublishingCredentialsPolicies",
            "apiVersion": "2024-04-01",
            "name": "[concat(parameters('sites_TKDHubAPIWebAPI20250616145304_name'), '/scm')]",
            "location": "Central US",
            "dependsOn": [
                "[resourceId('Microsoft.Web/sites', parameters('sites_TKDHubAPIWebAPI20250616145304_name'))]"
            ],
            "tags": {
                "hidden-related:/subscriptions/dce34280-1964-4f9e-a05d-ecbc237a1ff3/resourceGroups/tkd_hub_rs/providers/Microsoft.Web/serverFarms/TKDHubAPIWebAPI20250616145304Plan": "empty"
            },
            "properties": {
                "allow": false
            }
        },
        {
            "type": "Microsoft.Web/sites/config",
            "apiVersion": "2024-04-01",
            "name": "[concat(parameters('sites_TKDHubAPIWebAPI20250616145304_name'), '/web')]",
            "location": "Central US",
            "dependsOn": [
                "[resourceId('Microsoft.Web/sites', parameters('sites_TKDHubAPIWebAPI20250616145304_name'))]"
            ],
            "tags": {
                "hidden-related:/subscriptions/dce34280-1964-4f9e-a05d-ecbc237a1ff3/resourceGroups/tkd_hub_rs/providers/Microsoft.Web/serverFarms/TKDHubAPIWebAPI20250616145304Plan": "empty"
            },
            "properties": {
                "numberOfWorkers": 1,
                "defaultDocuments": [
                    "Default.htm",
                    "Default.html",
                    "Default.asp",
                    "index.htm",
                    "index.html",
                    "iisstart.htm",
                    "default.aspx",
                    "index.php",
                    "hostingstart.html"
                ],
                "netFrameworkVersion": "v4.0",
                "linuxFxVersion": "DOTNETCORE|8.0",
                "requestTracingEnabled": false,
                "remoteDebuggingEnabled": false,
                "remoteDebuggingVersion": "VS2022",
                "httpLoggingEnabled": false,
                "acrUseManagedIdentityCreds": false,
                "logsDirectorySizeLimit": 35,
                "detailedErrorLoggingEnabled": false,
                "publishingUsername": "REDACTED",
                "scmType": "None",
                "use32BitWorkerProcess": true,
                "webSocketsEnabled": false,
                "alwaysOn": false,
                "appCommandLine": "dotnet TKDHubAPI.WebAPI.dll",
                "managedPipelineMode": "Integrated",
                "virtualApplications": [
                    {
                        "virtualPath": "/",
                        "physicalPath": "site\\wwwroot",
                        "preloadEnabled": false
                    }
                ],
                "loadBalancing": "LeastRequests",
                "experiments": {
                    "rampUpRules": []
                },
                "autoHealEnabled": false,
                "vnetRouteAllEnabled": false,
                "vnetPrivatePortsCount": 0,
                "cors": {
                    "allowedOrigins": [
                        "https://tkd-hub-nxp8s0fv2-nicolassniders-projects.vercel.app",
                        "https://tkd-hub-api.vercel.app"
                    ],
                    "supportCredentials": false
                },
                "apiDefinition": {
                    "url": "https://tkdhubapiwebapi20250616145304-ghcndrd8d0dyfjgt.centralus-01.azurewebsites.net/swagger/index.html"
                },
                "localMySqlEnabled": false,
                "managedServiceIdentityId": 15493,
                "ipSecurityRestrictions": [
                    {
                        "ipAddress": "Any",
                        "action": "Allow",
                        "priority": 2147483647,
                        "name": "Allow all",
                        "description": "Allow all access"
                    }
                ],
                "scmIpSecurityRestrictions": [
                    {
                        "ipAddress": "Any",
                        "action": "Allow",
                        "priority": 2147483647,
                        "name": "Allow all",
                        "description": "Allow all access"
                    }
                ],
                "scmIpSecurityRestrictionsUseMain": false,
                "http20Enabled": false,
                "minTlsVersion": "1.2",
                "scmMinTlsVersion": "1.2",
                "ftpsState": "FtpsOnly",
                "preWarmedInstanceCount": 0,
                "elasticWebAppScaleLimit": 0,
                "functionsRuntimeScaleMonitoringEnabled": false,
                "minimumElasticInstanceCount": 1,
                "azureStorageAccounts": {}
            }
        },
        {
            "type": "Microsoft.Web/sites/deployments",
            "apiVersion": "2024-04-01",
            "name": "[concat(parameters('sites_TKDHubAPIWebAPI20250616145304_name'), '/88080b14-e5b9-4913-8663-efe790e43951')]",
            "location": "Central US",
            "dependsOn": [
                "[resourceId('Microsoft.Web/sites', parameters('sites_TKDHubAPIWebAPI20250616145304_name'))]"
            ],
            "properties": {
                "status": 4,
                "author_email": "N/A",
                "author": "N/A",
                "deployer": "Push-Deployer",
                "message": "Created via a push deployment",
                "start_time": "2025-06-16T18:28:18.6542634Z",
                "end_time": "2025-06-16T18:28:29.7571557Z",
                "active": false
            }
        },
        {
            "type": "Microsoft.Web/sites/deployments",
            "apiVersion": "2024-04-01",
            "name": "[concat(parameters('sites_TKDHubAPIWebAPI20250616145304_name'), '/cfb6c6d0-e6f5-4471-934f-b6fe1fc29eae')]",
            "location": "Central US",
            "dependsOn": [
                "[resourceId('Microsoft.Web/sites', parameters('sites_TKDHubAPIWebAPI20250616145304_name'))]"
            ],
            "properties": {
                "status": 4,
                "author_email": "N/A",
                "author": "N/A",
                "deployer": "Push-Deployer",
                "message": "Created via a push deployment",
                "start_time": "2025-06-16T19:05:42.4731491Z",
                "end_time": "2025-06-16T19:05:46.9462747Z",
                "active": true
            }
        },
        {
            "type": "Microsoft.Web/sites/hostNameBindings",
            "apiVersion": "2024-04-01",
            "name": "[concat(parameters('sites_TKDHubAPIWebAPI20250616145304_name'), '/', parameters('sites_TKDHubAPIWebAPI20250616145304_name'), '-ghcndrd8d0dyfjgt.centralus-01.azurewebsites.net')]",
            "location": "Central US",
            "dependsOn": [
                "[resourceId('Microsoft.Web/sites', parameters('sites_TKDHubAPIWebAPI20250616145304_name'))]"
            ],
            "properties": {
                "siteName": "TKDHubAPIWebAPI20250616145304",
                "hostNameType": "Verified"
            }
        },
        {
            "type": "Microsoft.Sql/servers/databases/advancedThreatProtectionSettings",
            "apiVersion": "2024-05-01-preview",
            "name": "[concat(parameters('servers_tkdhubapiwebapidbserver_name'), '/TKDHubAPI.WebAPI_db/Default')]",
            "dependsOn": [
                "[resourceId('Microsoft.Sql/servers/databases', parameters('servers_tkdhubapiwebapidbserver_name'), 'TKDHubAPI.WebAPI_db')]",
                "[resourceId('Microsoft.Sql/servers', parameters('servers_tkdhubapiwebapidbserver_name'))]"
            ],
            "properties": {
                "state": "Disabled"
            }
        },
        {
            "type": "Microsoft.Sql/servers/databases/advisors",
            "apiVersion": "2014-04-01",
            "name": "[concat(parameters('servers_tkdhubapiwebapidbserver_name'), '/TKDHubAPI.WebAPI_db/CreateIndex')]",
            "dependsOn": [
                "[resourceId('Microsoft.Sql/servers/databases', parameters('servers_tkdhubapiwebapidbserver_name'), 'TKDHubAPI.WebAPI_db')]",
                "[resourceId('Microsoft.Sql/servers', parameters('servers_tkdhubapiwebapidbserver_name'))]"
            ],
            "properties": {
                "autoExecuteValue": "Disabled"
            }
        },
        {
            "type": "Microsoft.Sql/servers/databases/advisors",
            "apiVersion": "2014-04-01",
            "name": "[concat(parameters('servers_tkdhubapiwebapidbserver_name'), '/TKDHubAPI.WebAPI_db/DbParameterization')]",
            "dependsOn": [
                "[resourceId('Microsoft.Sql/servers/databases', parameters('servers_tkdhubapiwebapidbserver_name'), 'TKDHubAPI.WebAPI_db')]",
                "[resourceId('Microsoft.Sql/servers', parameters('servers_tkdhubapiwebapidbserver_name'))]"
            ],
            "properties": {
                "autoExecuteValue": "Disabled"
            }
        },
        {
            "type": "Microsoft.Sql/servers/databases/advisors",
            "apiVersion": "2014-04-01",
            "name": "[concat(parameters('servers_tkdhubapiwebapidbserver_name'), '/TKDHubAPI.WebAPI_db/DefragmentIndex')]",
            "dependsOn": [
                "[resourceId('Microsoft.Sql/servers/databases', parameters('servers_tkdhubapiwebapidbserver_name'), 'TKDHubAPI.WebAPI_db')]",
                "[resourceId('Microsoft.Sql/servers', parameters('servers_tkdhubapiwebapidbserver_name'))]"
            ],
            "properties": {
                "autoExecuteValue": "Disabled"
            }
        },
        {
            "type": "Microsoft.Sql/servers/databases/advisors",
            "apiVersion": "2014-04-01",
            "name": "[concat(parameters('servers_tkdhubapiwebapidbserver_name'), '/TKDHubAPI.WebAPI_db/DropIndex')]",
            "dependsOn": [
                "[resourceId('Microsoft.Sql/servers/databases', parameters('servers_tkdhubapiwebapidbserver_name'), 'TKDHubAPI.WebAPI_db')]",
                "[resourceId('Microsoft.Sql/servers', parameters('servers_tkdhubapiwebapidbserver_name'))]"
            ],
            "properties": {
                "autoExecuteValue": "Disabled"
            }
        },
        {
            "type": "Microsoft.Sql/servers/databases/advisors",
            "apiVersion": "2014-04-01",
            "name": "[concat(parameters('servers_tkdhubapiwebapidbserver_name'), '/TKDHubAPI.WebAPI_db/ForceLastGoodPlan')]",
            "dependsOn": [
                "[resourceId('Microsoft.Sql/servers/databases', parameters('servers_tkdhubapiwebapidbserver_name'), 'TKDHubAPI.WebAPI_db')]",
                "[resourceId('Microsoft.Sql/servers', parameters('servers_tkdhubapiwebapidbserver_name'))]"
            ],
            "properties": {
                "autoExecuteValue": "Enabled"
            }
        },
        {
            "type": "Microsoft.Sql/servers/databases/auditingPolicies",
            "apiVersion": "2014-04-01",
            "name": "[concat(parameters('servers_tkdhubapiwebapidbserver_name'), '/TKDHubAPI.WebAPI_db/Default')]",
            "location": "Central US",
            "dependsOn": [
                "[resourceId('Microsoft.Sql/servers/databases', parameters('servers_tkdhubapiwebapidbserver_name'), 'TKDHubAPI.WebAPI_db')]",
                "[resourceId('Microsoft.Sql/servers', parameters('servers_tkdhubapiwebapidbserver_name'))]"
            ],
            "properties": {
                "auditingState": "Disabled"
            }
        },
        {
            "type": "Microsoft.Sql/servers/databases/auditingSettings",
            "apiVersion": "2024-05-01-preview",
            "name": "[concat(parameters('servers_tkdhubapiwebapidbserver_name'), '/TKDHubAPI.WebAPI_db/Default')]",
            "dependsOn": [
                "[resourceId('Microsoft.Sql/servers/databases', parameters('servers_tkdhubapiwebapidbserver_name'), 'TKDHubAPI.WebAPI_db')]",
                "[resourceId('Microsoft.Sql/servers', parameters('servers_tkdhubapiwebapidbserver_name'))]"
            ],
            "properties": {
                "retentionDays": 0,
                "isAzureMonitorTargetEnabled": false,
                "state": "Disabled",
                "storageAccountSubscriptionId": "00000000-0000-0000-0000-000000000000"
            }
        },
        {
            "type": "Microsoft.Sql/servers/databases/backupLongTermRetentionPolicies",
            "apiVersion": "2024-05-01-preview",
            "name": "[concat(parameters('servers_tkdhubapiwebapidbserver_name'), '/TKDHubAPI.WebAPI_db/default')]",
            "dependsOn": [
                "[resourceId('Microsoft.Sql/servers/databases', parameters('servers_tkdhubapiwebapidbserver_name'), 'TKDHubAPI.WebAPI_db')]",
                "[resourceId('Microsoft.Sql/servers', parameters('servers_tkdhubapiwebapidbserver_name'))]"
            ],
            "properties": {
                "weeklyRetention": "PT0S",
                "monthlyRetention": "PT0S",
                "yearlyRetention": "PT0S",
                "weekOfYear": 0
            }
        },
        {
            "type": "Microsoft.Sql/servers/databases/backupShortTermRetentionPolicies",
            "apiVersion": "2024-05-01-preview",
            "name": "[concat(parameters('servers_tkdhubapiwebapidbserver_name'), '/TKDHubAPI.WebAPI_db/default')]",
            "dependsOn": [
                "[resourceId('Microsoft.Sql/servers/databases', parameters('servers_tkdhubapiwebapidbserver_name'), 'TKDHubAPI.WebAPI_db')]",
                "[resourceId('Microsoft.Sql/servers', parameters('servers_tkdhubapiwebapidbserver_name'))]"
            ],
            "properties": {
                "retentionDays": 7,
                "diffBackupIntervalInHours": 24
            }
        },
        {
            "type": "Microsoft.Sql/servers/databases/extendedAuditingSettings",
            "apiVersion": "2024-05-01-preview",
            "name": "[concat(parameters('servers_tkdhubapiwebapidbserver_name'), '/TKDHubAPI.WebAPI_db/Default')]",
            "dependsOn": [
                "[resourceId('Microsoft.Sql/servers/databases', parameters('servers_tkdhubapiwebapidbserver_name'), 'TKDHubAPI.WebAPI_db')]",
                "[resourceId('Microsoft.Sql/servers', parameters('servers_tkdhubapiwebapidbserver_name'))]"
            ],
            "properties": {
                "retentionDays": 0,
                "isAzureMonitorTargetEnabled": false,
                "state": "Disabled",
                "storageAccountSubscriptionId": "00000000-0000-0000-0000-000000000000"
            }
        },
        {
            "type": "Microsoft.Sql/servers/databases/geoBackupPolicies",
            "apiVersion": "2024-05-01-preview",
            "name": "[concat(parameters('servers_tkdhubapiwebapidbserver_name'), '/TKDHubAPI.WebAPI_db/Default')]",
            "dependsOn": [
                "[resourceId('Microsoft.Sql/servers/databases', parameters('servers_tkdhubapiwebapidbserver_name'), 'TKDHubAPI.WebAPI_db')]",
                "[resourceId('Microsoft.Sql/servers', parameters('servers_tkdhubapiwebapidbserver_name'))]"
            ],
            "properties": {
                "state": "Enabled"
            }
        },
        {
            "type": "Microsoft.Sql/servers/databases/ledgerDigestUploads",
            "apiVersion": "2024-05-01-preview",
            "name": "[concat(parameters('servers_tkdhubapiwebapidbserver_name'), '/TKDHubAPI.WebAPI_db/Current')]",
            "dependsOn": [
                "[resourceId('Microsoft.Sql/servers/databases', parameters('servers_tkdhubapiwebapidbserver_name'), 'TKDHubAPI.WebAPI_db')]",
                "[resourceId('Microsoft.Sql/servers', parameters('servers_tkdhubapiwebapidbserver_name'))]"
            ],
            "properties": {}
        },
        {
            "type": "Microsoft.Sql/servers/databases/securityAlertPolicies",
            "apiVersion": "2024-05-01-preview",
            "name": "[concat(parameters('servers_tkdhubapiwebapidbserver_name'), '/TKDHubAPI.WebAPI_db/Default')]",
            "dependsOn": [
                "[resourceId('Microsoft.Sql/servers/databases', parameters('servers_tkdhubapiwebapidbserver_name'), 'TKDHubAPI.WebAPI_db')]",
                "[resourceId('Microsoft.Sql/servers', parameters('servers_tkdhubapiwebapidbserver_name'))]"
            ],
            "properties": {
                "state": "Disabled",
                "disabledAlerts": [
                    ""
                ],
                "emailAddresses": [
                    ""
                ],
                "emailAccountAdmins": false,
                "retentionDays": 0
            }
        },
        {
            "type": "Microsoft.Sql/servers/databases/transparentDataEncryption",
            "apiVersion": "2024-05-01-preview",
            "name": "[concat(parameters('servers_tkdhubapiwebapidbserver_name'), '/TKDHubAPI.WebAPI_db/Current')]",
            "dependsOn": [
                "[resourceId('Microsoft.Sql/servers/databases', parameters('servers_tkdhubapiwebapidbserver_name'), 'TKDHubAPI.WebAPI_db')]",
                "[resourceId('Microsoft.Sql/servers', parameters('servers_tkdhubapiwebapidbserver_name'))]"
            ],
            "properties": {
                "state": "Enabled"
            }
        },
        {
            "type": "Microsoft.Sql/servers/databases/vulnerabilityAssessments",
            "apiVersion": "2024-05-01-preview",
            "name": "[concat(parameters('servers_tkdhubapiwebapidbserver_name'), '/TKDHubAPI.WebAPI_db/Default')]",
            "dependsOn": [
                "[resourceId('Microsoft.Sql/servers/databases', parameters('servers_tkdhubapiwebapidbserver_name'), 'TKDHubAPI.WebAPI_db')]",
                "[resourceId('Microsoft.Sql/servers', parameters('servers_tkdhubapiwebapidbserver_name'))]"
            ],
            "properties": {
                "recurringScans": {
                    "isEnabled": false,
                    "emailSubscriptionAdmins": true
                }
            }
        }
    ]
}